<?xml version="1.0" encoding="UTF-8"?>
<componentData>
  <component>
    <componentBaseName>hardwaresupportpkgs/targets/embeddedlinux</componentBaseName>
    <componentFileName>hardwaresupportpkgs/targets/embeddedlinux_common_1692051874.zip</componentFileName>
    <componentName>hardwaresupportpkgs/targets/embeddedlinux_common</componentName>
    <componentVersion>1692051874</componentVersion>
    <contentType>common</contentType>
    <demo>0</demo>
    <doc>0</doc>
    <doc_build>0</doc_build>
    <doc_search>0</doc_search>
    <gpu>0</gpu>
    <instrset>0</instrset>
    <locale />
    <locationId>1</locationId>
    <numFiles>322</numFiles>
    <platformList>
      <platform>glnxa64</platform>
      <platform>maca64</platform>
      <platform>maci64</platform>
      <platform>win64</platform>
    </platformList>
    <releaseFamily>R2023b</releaseFamily>
    <size>2002751</size>
    <type />
    <uncompressedBytes>2625387</uncompressedBytes>
  </component>
</componentData>
