<?xml version="1.0" encoding="UTF-8"?>
<componentData>
  <component>
    <componentBaseName>hardwaresupportpkgs/targets/nvidia</componentBaseName>
    <componentFileName>hardwaresupportpkgs/targets/nvidia_common_1712163362.zip</componentFileName>
    <componentName>hardwaresupportpkgs/targets/nvidia_common</componentName>
    <componentVersion>1712163362</componentVersion>
    <contentType>common</contentType>
    <demo>0</demo>
    <doc>0</doc>
    <doc_build>0</doc_build>
    <doc_search>0</doc_search>
    <gpu>0</gpu>
    <instrset>0</instrset>
    <locale />
    <locationId>1</locationId>
    <numFiles>332</numFiles>
    <platformList>
      <platform>glnxa64</platform>
      <platform>maca64</platform>
      <platform>maci64</platform>
      <platform>win64</platform>
    </platformList>
    <releaseFamily>R2023b</releaseFamily>
    <size>1777458</size>
    <type />
    <uncompressedBytes>6398296</uncompressedBytes>
  </component>
</componentData>
