<?xml version="1.0" encoding="UTF-8"?>
<componentData>
  <component>
    <componentBaseName>hardwaresupportpkgs/targets/shared_linuxservices</componentBaseName>
    <componentFileName>hardwaresupportpkgs/targets/shared_linuxservices_common_1692046670.zip</componentFileName>
    <componentName>hardwaresupportpkgs/targets/shared_linuxservices_common</componentName>
    <componentVersion>1692046670</componentVersion>
    <contentType>common</contentType>
    <demo>0</demo>
    <doc>0</doc>
    <doc_build>0</doc_build>
    <doc_search>0</doc_search>
    <gpu>0</gpu>
    <instrset>0</instrset>
    <locale />
    <locationId>1</locationId>
    <numFiles>59</numFiles>
    <platformList>
      <platform>glnxa64</platform>
      <platform>maca64</platform>
      <platform>maci64</platform>
      <platform>win64</platform>
    </platformList>
    <releaseFamily>R2023b</releaseFamily>
    <size>158581</size>
    <type />
    <uncompressedBytes>207347</uncompressedBytes>
  </component>
</componentData>
