<?xml version="1.0" encoding="UTF-8"?>
<productAdditionalComps>
  <dependsOn>
    <component>
      <name>hardwaresupportpkgs/targets/nvidia_win64</name>
      <componentFileName>hardwaresupportpkgs/targets/nvidia_win64_1712810736.zip</componentFileName>
      <contentType>win64</contentType>
      <demo>0</demo>
      <doc>0</doc>
      <doc_build>0</doc_build>
      <doc_search>0</doc_search>
      <gpu>0</gpu>
      <instrset>0</instrset>
      <locale />
      <platformList>
        <platform>win64</platform>
      </platformList>
      <size>30116</size>
      <uncompressedBytes>29816</uncompressedBytes>
      <version>1712810736</version>
    </component>
    <component>
      <name>hardwaresupportpkgs/targets/shared_linuxservices_win64</name>
      <componentFileName>hardwaresupportpkgs/targets/shared_linuxservices_win64_1691054981.zip</componentFileName>
      <contentType>win64</contentType>
      <demo>0</demo>
      <doc>0</doc>
      <doc_build>0</doc_build>
      <doc_search>0</doc_search>
      <gpu>0</gpu>
      <instrset>0</instrset>
      <locale />
      <platformList>
        <platform>win64</platform>
      </platformList>
      <size>3495886</size>
      <uncompressedBytes>5808704</uncompressedBytes>
      <version>1691054981</version>
    </component>
    <component>
      <name>hardwaresupportpkgs/targets/embeddedlinux_win64</name>
      <componentFileName>hardwaresupportpkgs/targets/embeddedlinux_win64_1692053924.zip</componentFileName>
      <contentType>win64</contentType>
      <demo>0</demo>
      <doc>0</doc>
      <doc_build>0</doc_build>
      <doc_search>0</doc_search>
      <gpu>0</gpu>
      <instrset>0</instrset>
      <locale />
      <platformList>
        <platform>win64</platform>
      </platformList>
      <size>160186</size>
      <uncompressedBytes>372375</uncompressedBytes>
      <version>1692053924</version>
    </component>
  </dependsOn>
  <isControllingProduct>false</isControllingProduct>
  <licenseAgreementType>ASLA</licenseAgreementType>
  <platform>win64</platform>
  <productBaseCode>NVIDIA</productBaseCode>
  <productName>MATLAB Coder Support Package for NVIDIA Jetson and NVIDIA DRIVE Platforms</productName>
  <productNumber>2196</productNumber>
  <productType>hardwareSupportPkg</productType>
  <productVersion>23.2.1</productVersion>
  <releaseDescription>R2023b</releaseDescription>
  <releaseFamily>R2023b</releaseFamily>
</productAdditionalComps>
