<?xml version="1.0" encoding="UTF-8"?>
<componentData>
  <component>
    <componentBaseName>hardwaresupportpkgs/targets/embeddedlinux</componentBaseName>
    <componentFileName>hardwaresupportpkgs/targets/embeddedlinux_glnxa64_1692879630.zip</componentFileName>
    <componentName>hardwaresupportpkgs/targets/embeddedlinux_glnxa64</componentName>
    <componentVersion>1692879630</componentVersion>
    <contentType>glnxa64</contentType>
    <demo>0</demo>
    <doc>0</doc>
    <doc_build>0</doc_build>
    <doc_search>0</doc_search>
    <gpu>0</gpu>
    <instrset>0</instrset>
    <locale />
    <locationId>1</locationId>
    <numFiles>5</numFiles>
    <platformList>
      <platform>glnxa64</platform>
    </platformList>
    <releaseFamily>R2023b</releaseFamily>
    <size>103316</size>
    <type />
    <uncompressedBytes>242543</uncompressedBytes>
  </component>
</componentData>
