<?xml version="1.0" encoding="UTF-8"?>
<componentData>
  <component>
    <componentBaseName>hardwaresupportpkgs/targets/nvidia</componentBaseName>
    <componentFileName>hardwaresupportpkgs/targets/nvidia_glnxa64_1712776854.zip</componentFileName>
    <componentName>hardwaresupportpkgs/targets/nvidia_glnxa64</componentName>
    <componentVersion>1712776854</componentVersion>
    <contentType>glnxa64</contentType>
    <demo>0</demo>
    <doc>0</doc>
    <doc_build>0</doc_build>
    <doc_search>0</doc_search>
    <gpu>0</gpu>
    <instrset>0</instrset>
    <locale />
    <locationId>1</locationId>
    <numFiles>2</numFiles>
    <platformList>
      <platform>glnxa64</platform>
    </platformList>
    <releaseFamily>R2023b</releaseFamily>
    <size>30165</size>
    <type />
    <uncompressedBytes>29867</uncompressedBytes>
  </component>
</componentData>
