<?xml version="1.0" encoding="UTF-8"?>
<componentData>
  <component>
    <componentBaseName>hardwaresupportpkgs/targets/shared_linuxservices</componentBaseName>
    <componentFileName>hardwaresupportpkgs/targets/shared_linuxservices_glnxa64_1690971989.zip</componentFileName>
    <componentName>hardwaresupportpkgs/targets/shared_linuxservices_glnxa64</componentName>
    <componentVersion>1690971989</componentVersion>
    <contentType>glnxa64</contentType>
    <demo>0</demo>
    <doc>0</doc>
    <doc_build>0</doc_build>
    <doc_search>0</doc_search>
    <gpu>0</gpu>
    <instrset>0</instrset>
    <locale />
    <locationId>1</locationId>
    <numFiles>6</numFiles>
    <platformList>
      <platform>glnxa64</platform>
    </platformList>
    <releaseFamily>R2023b</releaseFamily>
    <size>61841</size>
    <type />
    <uncompressedBytes>185304</uncompressedBytes>
  </component>
</componentData>
