<?xml version="1.0" encoding="UTF-8"?>
<productData>
  <altDependencies>
    <product>
      <productBaseCode>ME</productBaseCode>
      <productName>MATLAB Coder</productName>
      <productNumber>135</productNumber>
      <productVersion>23.2</productVersion>
      <releaseDescription>R2023b</releaseDescription>
      <releaseFamily>R2023b</releaseFamily>
    </product>
  </altDependencies>
  <dependsOn>
    <component>
      <name>hardwaresupportpkgs/licenses/asla_license_common</name>
      <componentFileName>hardwaresupportpkgs/licenses/asla_license_common_1690923756.zip</componentFileName>
      <contentType>common</contentType>
      <demo>0</demo>
      <doc>0</doc>
      <doc_build>0</doc_build>
      <doc_search>0</doc_search>
      <gpu>0</gpu>
      <instrset>0</instrset>
      <locale />
      <platformList>
        <platform>glnxa64</platform>
        <platform>maca64</platform>
        <platform>maci64</platform>
        <platform>win64</platform>
      </platformList>
      <size>5351</size>
      <uncompressedBytes>14057</uncompressedBytes>
      <version>1690923756</version>
    </component>
    <component>
      <name>hardwaresupportpkgs/targets/nvidia_common</name>
      <componentFileName>hardwaresupportpkgs/targets/nvidia_common_1712163362.zip</componentFileName>
      <contentType>common</contentType>
      <demo>0</demo>
      <doc>0</doc>
      <doc_build>0</doc_build>
      <doc_search>0</doc_search>
      <gpu>0</gpu>
      <instrset>0</instrset>
      <locale />
      <platformList>
        <platform>glnxa64</platform>
        <platform>maca64</platform>
        <platform>maci64</platform>
        <platform>win64</platform>
      </platformList>
      <size>1777458</size>
      <uncompressedBytes>6398296</uncompressedBytes>
      <version>1712163362</version>
    </component>
    <component>
      <name>hardwaresupportpkgs/targets/nvidia_resources_common</name>
      <componentFileName>hardwaresupportpkgs/targets/nvidia_resources_common_1712160531.zip</componentFileName>
      <contentType>common</contentType>
      <demo>0</demo>
      <doc>0</doc>
      <doc_build>0</doc_build>
      <doc_search>0</doc_search>
      <gpu>0</gpu>
      <instrset>0</instrset>
      <locale />
      <platformList>
        <platform>glnxa64</platform>
        <platform>maca64</platform>
        <platform>maci64</platform>
        <platform>win64</platform>
      </platformList>
      <size>8942</size>
      <uncompressedBytes>27854</uncompressedBytes>
      <version>1712160531</version>
    </component>
    <component>
      <name>hardwaresupportpkgs/targets/targetsdk_common</name>
      <componentFileName>hardwaresupportpkgs/targets/targetsdk_common_1692055787.zip</componentFileName>
      <contentType>common</contentType>
      <demo>0</demo>
      <doc>0</doc>
      <doc_build>0</doc_build>
      <doc_search>0</doc_search>
      <gpu>0</gpu>
      <instrset>0</instrset>
      <locale />
      <platformList>
        <platform>glnxa64</platform>
        <platform>maca64</platform>
        <platform>maci64</platform>
        <platform>win64</platform>
      </platformList>
      <size>55251</size>
      <uncompressedBytes>75615</uncompressedBytes>
      <version>1692055787</version>
    </component>
    <component>
      <name>hardwaresupportpkgs/targets/targetsdk_resources_common</name>
      <componentFileName>hardwaresupportpkgs/targets/targetsdk_resources_common_1690923750.zip</componentFileName>
      <contentType>common</contentType>
      <demo>0</demo>
      <doc>0</doc>
      <doc_build>0</doc_build>
      <doc_search>0</doc_search>
      <gpu>0</gpu>
      <instrset>0</instrset>
      <locale />
      <platformList>
        <platform>glnxa64</platform>
        <platform>maca64</platform>
        <platform>maci64</platform>
        <platform>win64</platform>
      </platformList>
      <size>4890</size>
      <uncompressedBytes>13806</uncompressedBytes>
      <version>1690923750</version>
    </component>
    <component>
      <name>hardwaresupportpkgs/targets/shared_linuxservices_common</name>
      <componentFileName>hardwaresupportpkgs/targets/shared_linuxservices_common_1692046670.zip</componentFileName>
      <contentType>common</contentType>
      <demo>0</demo>
      <doc>0</doc>
      <doc_build>0</doc_build>
      <doc_search>0</doc_search>
      <gpu>0</gpu>
      <instrset>0</instrset>
      <locale />
      <platformList>
        <platform>glnxa64</platform>
        <platform>maca64</platform>
        <platform>maci64</platform>
        <platform>win64</platform>
      </platformList>
      <size>158581</size>
      <uncompressedBytes>207347</uncompressedBytes>
      <version>1692046670</version>
    </component>
    <component>
      <name>hardwaresupportpkgs/targets/shared_linuxservices_resources_common</name>
      <componentFileName>hardwaresupportpkgs/targets/shared_linuxservices_resources_common_1690923744.zip</componentFileName>
      <contentType>common</contentType>
      <demo>0</demo>
      <doc>0</doc>
      <doc_build>0</doc_build>
      <doc_search>0</doc_search>
      <gpu>0</gpu>
      <instrset>0</instrset>
      <locale />
      <platformList>
        <platform>glnxa64</platform>
        <platform>maca64</platform>
        <platform>maci64</platform>
        <platform>win64</platform>
      </platformList>
      <size>10477</size>
      <uncompressedBytes>33630</uncompressedBytes>
      <version>1690923744</version>
    </component>
    <component>
      <name>hardwaresupportpkgs/targets/embeddedlinux_common</name>
      <componentFileName>hardwaresupportpkgs/targets/embeddedlinux_common_1692051874.zip</componentFileName>
      <contentType>common</contentType>
      <demo>0</demo>
      <doc>0</doc>
      <doc_build>0</doc_build>
      <doc_search>0</doc_search>
      <gpu>0</gpu>
      <instrset>0</instrset>
      <locale />
      <platformList>
        <platform>glnxa64</platform>
        <platform>maca64</platform>
        <platform>maci64</platform>
        <platform>win64</platform>
      </platformList>
      <size>2002751</size>
      <uncompressedBytes>2625387</uncompressedBytes>
      <version>1692051874</version>
    </component>
    <component>
      <name>hardwaresupportpkgs/targets/embeddedlinux_resources_common</name>
      <componentFileName>hardwaresupportpkgs/targets/embeddedlinux_resources_common_1690923756.zip</componentFileName>
      <contentType>common</contentType>
      <demo>0</demo>
      <doc>0</doc>
      <doc_build>0</doc_build>
      <doc_search>0</doc_search>
      <gpu>0</gpu>
      <instrset>0</instrset>
      <locale />
      <platformList>
        <platform>glnxa64</platform>
        <platform>maca64</platform>
        <platform>maci64</platform>
        <platform>win64</platform>
      </platformList>
      <size>12516</size>
      <uncompressedBytes>39795</uncompressedBytes>
      <version>1690923756</version>
    </component>
    <component>
      <name>hardwaresupportpkgs/targets/shared_nvidia_blocks_common</name>
      <componentFileName>hardwaresupportpkgs/targets/shared_nvidia_blocks_common_1692047963.zip</componentFileName>
      <contentType>common</contentType>
      <demo>0</demo>
      <doc>0</doc>
      <doc_build>0</doc_build>
      <doc_search>0</doc_search>
      <gpu>0</gpu>
      <instrset>0</instrset>
      <locale />
      <platformList>
        <platform>glnxa64</platform>
        <platform>maca64</platform>
        <platform>maci64</platform>
        <platform>win64</platform>
      </platformList>
      <size>84267</size>
      <uncompressedBytes>110739</uncompressedBytes>
      <version>1692047963</version>
    </component>
    <component>
      <name>hardwaresupportpkgs/targets/shared_nvidia_blocks_resources_common</name>
      <componentFileName>hardwaresupportpkgs/targets/shared_nvidia_blocks_resources_common_1690923760.zip</componentFileName>
      <contentType>common</contentType>
      <demo>0</demo>
      <doc>0</doc>
      <doc_build>0</doc_build>
      <doc_search>0</doc_search>
      <gpu>0</gpu>
      <instrset>0</instrset>
      <locale />
      <platformList>
        <platform>glnxa64</platform>
        <platform>maca64</platform>
        <platform>maci64</platform>
        <platform>win64</platform>
      </platformList>
      <size>2987</size>
      <uncompressedBytes>8134</uncompressedBytes>
      <version>1690923760</version>
    </component>
  </dependsOn>
  <installerUsage>
    <usage>professional</usage>
  </installerUsage>
  <isControllingProduct>false</isControllingProduct>
  <licenseAgreementType>ASLA</licenseAgreementType>
  <platformList>
    <platform>glnxa64</platform>
    <platform>win64</platform>
  </platformList>
  <productBaseCode>NVIDIA</productBaseCode>
  <productName>MATLAB Coder Support Package for NVIDIA Jetson and NVIDIA DRIVE Platforms</productName>
  <productNumber>2196</productNumber>
  <productType>hardwareSupportPkg</productType>
  <productVersion>23.2.1</productVersion>
  <releaseDescription>R2023b</releaseDescription>
  <releaseFamily>R2023b</releaseFamily>
  <requiredProducts />
</productData>
