<?xml version="1.0" encoding="UTF-8"?>
<productAdditionalComps>
  <dependsOn>
    <component>
      <name>hardwaresupportpkgs/targets/nvidia_glnxa64</name>
      <componentFileName>hardwaresupportpkgs/targets/nvidia_glnxa64_1712776854.zip</componentFileName>
      <contentType>glnxa64</contentType>
      <demo>0</demo>
      <doc>0</doc>
      <doc_build>0</doc_build>
      <doc_search>0</doc_search>
      <gpu>0</gpu>
      <instrset>0</instrset>
      <locale />
      <platformList>
        <platform>glnxa64</platform>
      </platformList>
      <size>30165</size>
      <uncompressedBytes>29867</uncompressedBytes>
      <version>1712776854</version>
    </component>
    <component>
      <name>hardwaresupportpkgs/targets/shared_linuxservices_glnxa64</name>
      <componentFileName>hardwaresupportpkgs/targets/shared_linuxservices_glnxa64_1690971989.zip</componentFileName>
      <contentType>glnxa64</contentType>
      <demo>0</demo>
      <doc>0</doc>
      <doc_build>0</doc_build>
      <doc_search>0</doc_search>
      <gpu>0</gpu>
      <instrset>0</instrset>
      <locale />
      <platformList>
        <platform>glnxa64</platform>
      </platformList>
      <size>61841</size>
      <uncompressedBytes>185304</uncompressedBytes>
      <version>1690971989</version>
    </component>
    <component>
      <name>hardwaresupportpkgs/targets/embeddedlinux_glnxa64</name>
      <componentFileName>hardwaresupportpkgs/targets/embeddedlinux_glnxa64_1692879630.zip</componentFileName>
      <contentType>glnxa64</contentType>
      <demo>0</demo>
      <doc>0</doc>
      <doc_build>0</doc_build>
      <doc_search>0</doc_search>
      <gpu>0</gpu>
      <instrset>0</instrset>
      <locale />
      <platformList>
        <platform>glnxa64</platform>
      </platformList>
      <size>103316</size>
      <uncompressedBytes>242543</uncompressedBytes>
      <version>1692879630</version>
    </component>
  </dependsOn>
  <isControllingProduct>false</isControllingProduct>
  <licenseAgreementType>ASLA</licenseAgreementType>
  <platform>glnxa64</platform>
  <productBaseCode>NVIDIA</productBaseCode>
  <productName>MATLAB Coder Support Package for NVIDIA Jetson and NVIDIA DRIVE Platforms</productName>
  <productNumber>2196</productNumber>
  <productType>hardwareSupportPkg</productType>
  <productVersion>23.2.1</productVersion>
  <releaseDescription>R2023b</releaseDescription>
  <releaseFamily>R2023b</releaseFamily>
</productAdditionalComps>
