<?xml version="1.0" encoding="UTF-8"?>
<componentData>
  <component>
    <componentBaseName>hardwaresupportpkgs/targets/shared_linuxservices</componentBaseName>
    <componentFileName>hardwaresupportpkgs/targets/shared_linuxservices_win64_1691054981.zip</componentFileName>
    <componentName>hardwaresupportpkgs/targets/shared_linuxservices_win64</componentName>
    <componentVersion>1691054981</componentVersion>
    <contentType>win64</contentType>
    <demo>0</demo>
    <doc>0</doc>
    <doc_build>0</doc_build>
    <doc_search>0</doc_search>
    <gpu>0</gpu>
    <instrset>0</instrset>
    <locale />
    <locationId>1</locationId>
    <numFiles>19</numFiles>
    <platformList>
      <platform>win64</platform>
    </platformList>
    <releaseFamily>R2023b</releaseFamily>
    <size>3495886</size>
    <type />
    <uncompressedBytes>5808704</uncompressedBytes>
  </component>
</componentData>
